Image ID,Observation Date,MJD,Filter,Detection ID,Distance [arcsec],RA [deg],DEC [deg],Mag_Opt,Magerr_Opt,Flux [μJy],Fluxerr [μJy],Zero-point stdev,flags,flags_mask,class_star,number,x_pos,y_pos,xvar_pos,yvar_pos,xycov_pos,elongation,fwhm,background,mag_aper_r0.66xfwhm,mag_aper_r1.5xfwhm,mag_aper_r5xfwhm,magerr_aper_r0.66xfwhm,magerr_aper_r1.5xfwhm,magerr_aper_r5xfwhm,e_flux_opt,e_fluxerr_opt
15658,2019-06-02 23:25:37.044000,58636.97612,g,1050304337,0.0000,270.58025,-30.24048,15.944,0.0075,1521.724,10.485,0.0407,0,0,0.013,180109,255.278,5141.901,3.925e-03,3.984e-03,-1.462e-05,1.347,12.122,6.227,16.720,15.614,15.332,0.0152,0.0121,0.0302,682.427,4.702
15709,2019-06-02 23:28:55.902000,58636.97842,q,1067109788,0.1054,270.58026,-30.24050,16.067,0.0062,1358.565,7.783,0.0432,1,0,0.008,223559,253.297,5150.373,1.202e-02,1.205e-02,-8.198e-06,1.361,11.631,9.547,16.972,15.800,15.488,0.0269,0.0206,0.0513,1166.770,6.684
15760,2019-06-02 23:30:31.027000,58636.97953,r,1082728784,0.0268,270.58027,-30.24052,16.133,0.0118,1279.288,13.945,0.0555,0,0,0.001,202803,252.967,5147.610,2.779e-02,2.788e-02,-2.101e-05,1.354,11.912,5.886,16.900,15.871,15.319,0.0392,0.0344,0.0686,461.896,5.035
65753,2019-06-03 22:29:40.396000,58637.93727,q,3425600938,0.0168,270.58026,-30.24052,16.146,0.0063,1264.150,7.364,0.0683,3,0,0.013,269346,10286.380,6843.055,3.351e-03,3.387e-03,-1.062e-05,1.488,12.091,34.649,16.806,15.654,15.570,0.0148,0.0114,0.0344,858.418,5.001
65749,2019-06-03 22:31:20.039000,58637.93843,i,3424406869,0.5972,270.58046,-30.24051,16.892,0.0298,635.926,17.461,0.0601,1,0,0.062,232339,10285.366,6845.266,8.060e-02,8.109e-02,-1.758e-04,1.993,14.372,13.773,17.226,16.302,15.907,0.0671,0.0646,0.1489,116.061,3.187
65755,2019-07-09 20:57:17.746000,58673.87312,q,3426041610,0.0766,270.58025,-30.24051,16.225,0.0065,1174.667,7.000,0.0852,3,0,0.013,290075,10216.149,6817.440,3.713e-03,3.746e-03,-1.044e-05,1.427,12.518,103.364,17.052,15.744,15.456,0.0170,0.0114,0.0284,862.585,5.141
65751,2019-07-09 20:58:55.324000,58673.87425,i,3424820917,0.6954,270.58006,-30.24058,17.041,0.0272,554.268,13.862,0.0839,2,0,0.001,281904,10215.000,6818.568,5.787e-02,5.777e-02,2.740e-06,1.121,12.727,26.316,17.633,16.691,17.420,0.0748,0.0709,0.4599,108.183,2.706
65748,2019-07-15 20:23:04.940000,58679.84936,g,3424130321,0.1182,270.58026,-30.24049,16.237,0.0304,1161.832,32.506,0.0968,0,0,0.001,96366,10217.386,6835.023,2.088e-02,2.096e-02,-1.596e-05,1.390,14.050,1.609,16.856,15.630,15.543,0.0394,0.0288,0.0881,384.800,10.766
65758,2019-07-15 20:24:46.850000,58679.85054,r,3427046108,0.0289,270.58026,-30.24051,16.320,0.0409,1076.285,40.581,0.0872,0,0,0.001,176244,10216.932,6831.586,3.423e-02,3.432e-02,-3.076e-05,1.436,13.955,-1291.925,16.819,15.693,16.268,0.0549,0.0441,0.2486,267.164,10.073
65756,2019-07-15 20:26:22.379000,58679.85165,q,3426352725,0.9621,270.57996,-30.24057,16.341,0.0300,1055.473,29.143,0.0971,3,0,0.202,151651,10215.918,6837.463,2.954e-02,2.951e-02,-7.604e-06,1.274,11.855,-4317.127,16.800,15.965,16.270,0.0436,0.0458,0.2017,38517.241,1063.527
15710,2019-09-17 18:26:52.002000,58743.76866,q,1067575293,0.1388,270.58027,-30.24049,16.075,0.0061,1349.224,7.574,0.0526,1,0,0.007,231765,93.882,4972.642,1.088e-02,1.092e-02,-9.677e-06,1.405,11.522,12.704,17.042,15.840,15.585,0.0278,0.0207,0.0543,1181.351,6.632
15661,2019-09-17 18:28:26.893000,58743.76976,i,1051576465,0.6040,270.58044,-30.24050,16.982,0.0288,585.139,15.513,0.0449,0,0,0.001,247074,93.307,4975.309,1.598e-01,1.602e-01,-1.296e-04,2.563,11.345,13.890,17.607,16.538,16.534,0.1096,0.0928,0.3073,139.036,3.686
15711,2019-09-19 17:51:40.080000,58745.74421,q,1068042120,0.1580,270.58029,-30.24049,16.152,0.0099,1256.687,11.484,0.0448,0,0,0.007,213377,130.872,4941.046,1.562e-02,1.570e-02,-2.115e-05,1.446,11.876,3.625,17.007,15.838,15.429,0.0308,0.0237,0.0536,590.848,5.399
15662,2019-09-19 17:53:14.665000,58745.74531,i,1052081856,0.4069,270.58048,-30.24051,17.030,0.0535,559.971,27.616,0.0377,2,0,0.484,222369,129.098,4937.587,1.989e-01,1.996e-01,-2.632e-04,2.936,7.084,6.836,17.697,16.531,16.423,0.1383,0.1072,0.3221,67.476,3.328
15712,2020-03-28 02:37:30.765000,58936.10938,q,1068435800,0.1204,270.58029,-30.24050,15.892,0.0068,1597.254,10.039,0.0791,0,0,0.221,157416,596.211,5064.557,1.813e-02,1.819e-02,-1.155e-05,1.440,12.536,3.567,16.346,15.799,14.707,0.0237,0.0324,0.0394,1447.072,9.096
15663,2020-03-28 02:39:29.796000,58936.11076,i,1052601809,0.9611,270.58011,-30.24038,17.253,0.0417,455.896,17.498,0.0395,2,0,0.019,257794,596.105,5068.899,4.515e-02,5.889e-02,4.955e-03,1.189,10.099,11.138,17.968,16.688,16.261,0.1385,0.0968,0.2166,88.444,3.395
15713,2020-03-28 02:43:37.819000,58936.11363,q,1068826544,0.0174,270.58027,-30.24053,16.068,0.0070,1357.844,8.771,0.0552,1,0,0.009,202824,592.234,5075.266,1.291e-02,1.295e-02,-8.698e-06,1.324,11.737,7.252,16.801,15.783,15.228,0.0249,0.0221,0.0439,1120.034,7.235
15714,2020-04-29 00:03:09.004000,58968.00219,q,1069255258,0.1434,270.58031,-30.24051,16.027,0.0070,1409.599,9.104,0.0545,1,0,0.102,184938,531.376,5069.825,1.381e-02,1.387e-02,-1.391e-05,1.553,12.535,12.895,16.405,15.776,15.102,0.0230,0.0291,0.0520,1156.812,7.472
15664,2020-04-29 00:05:14.038000,58968.00363,i,1053217995,0.7584,270.58014,-30.24061,17.180,0.0372,487.415,16.690,0.0360,3,0,0.041,279678,529.396,5072.623,1.826e-01,1.826e-01,1.267e-06,1.324,6.716,8.302,17.877,16.797,16.126,0.1192,0.1001,0.1792,89.272,3.057
15715,2020-04-30 23:20:04.822000,58969.97228,q,1069666648,0.0898,270.58026,-30.24050,16.109,0.0075,1307.642,9.026,0.0510,0,0,0.010,196907,543.802,5056.862,1.352e-02,1.357e-02,-1.471e-05,1.534,11.920,8.117,16.657,15.782,15.127,0.0244,0.0247,0.0447,998.350,6.891
15665,2020-04-30 23:22:10.791000,58969.97374,i,1053807657,0.4903,270.58044,-30.24051,17.128,0.0442,511.662,20.851,0.0401,2,0,0.339,248440,542.343,5063.756,2.141e-01,2.148e-01,-1.896e-04,1.363,6.195,7.310,17.832,16.671,16.246,0.1316,0.1023,0.2298,80.797,3.293
15716,2020-05-14 22:30:18.199000,58983.93771,q,1070121938,0.0512,270.58026,-30.24051,16.131,0.0072,1280.811,8.452,0.0516,1,0,0.009,224140,507.817,5091.167,1.115e-02,1.119e-02,-8.497e-06,1.428,11.688,12.238,16.867,15.790,15.520,0.0253,0.0211,0.0545,980.310,6.469
15666,2020-05-14 22:32:23.203000,58983.93916,i,1054377211,0.6654,270.58012,-30.24059,17.160,0.0385,496.555,17.618,0.0437,2,0,0.023,263183,506.302,5104.071,1.636e-01,1.636e-01,2.375e-07,1.048,8.620,8.048,17.800,16.757,16.165,0.1190,0.1031,0.1989,94.462,3.352
15717,2020-05-16 22:22:32.421000,58985.93232,q,1070617168,0.0366,270.58026,-30.24051,16.139,0.0071,1271.344,8.277,0.0509,1,0,0.008,233224,505.855,5082.521,1.093e-02,1.097e-02,-1.166e-05,1.409,11.721,11.757,17.021,15.829,15.549,0.0270,0.0203,0.0518,949.014,6.179
15718,2020-05-23 21:48:58.202000,58992.90901,q,1071147959,0.0286,270.58026,-30.24052,16.205,0.0074,1196.684,8.111,0.0507,1,0,0.003,253731,516.060,5052.271,9.836e-03,9.870e-03,-1.021e-05,1.313,11.612,14.293,17.241,15.910,15.488,0.0293,0.0194,0.0435,837.373,5.676
15719,2020-05-30 21:35:09.005000,58999.89941,q,1071719323,0.0334,270.58025,-30.24052,16.298,0.0079,1098.599,7.985,0.0450,1,0,0.001,262727,514.691,5056.358,1.001e-02,1.005e-02,-8.200e-06,1.283,11.416,15.838,17.335,15.947,15.362,0.0305,0.0192,0.0370,774.351,5.628
15669,2020-05-30 21:37:16.009000,58999.90088,i,1056049353,0.5911,270.58011,-30.24058,17.166,0.0413,493.875,18.796,0.0402,1,0,0.488,245852,512.605,5052.799,1.791e-01,1.792e-01,2.689e-05,1.547,6.012,10.928,17.913,16.896,16.442,0.1374,0.1213,0.2660,94.371,3.592
15720,2020-06-01 21:19:48.899000,59001.88876,q,1072267716,0.0238,270.58027,-30.24051,16.183,0.0086,1221.657,9.655,0.0425,1,0,0.008,223983,515.432,5027.296,1.289e-02,1.293e-02,-1.324e-05,1.395,12.056,6.647,17.015,15.813,15.462,0.0287,0.0214,0.0513,894.132,7.067
15721,2020-06-19 20:19:01.328000,59019.84654,q,1072735443,0.0727,270.58024,-30.24051,16.115,0.0076,1300.041,9.141,0.0436,1,0,0.007,198475,490.046,5064.811,1.505e-02,1.509e-02,-9.916e-06,1.352,11.998,12.767,17.011,15.847,15.519,0.0298,0.0230,0.0564,921.941,6.483
15722,2020-07-08 19:27:51.251000,59038.81101,q,1073180063,0.0402,270.58025,-30.24052,16.229,0.0115,1170.952,12.359,0.0488,0,0,0.000,211599,470.304,5018.775,1.636e-02,1.642e-02,-1.194e-05,1.369,12.061,13.299,17.209,15.910,15.555,0.0352,0.0241,0.0574,615.225,6.493
15723,2020-07-19 18:36:46.220000,59049.77553,q,1073682745,0.0205,270.58026,-30.24052,16.219,0.0076,1181.166,8.275,0.0510,1,0,0.001,245357,484.861,5027.291,1.098e-02,1.102e-02,-9.937e-06,1.291,11.595,13.766,17.305,15.948,15.464,0.0310,0.0201,0.0424,797.781,5.589
65757,2020-07-28 18:30:47.598000,59058.77138,q,3426707391,0.0945,270.58025,-30.24050,16.275,0.0081,1122.252,8.421,0.0617,3,0,0.014,266746,10480.401,6741.797,3.262e-03,3.293e-03,-9.438e-06,1.436,12.029,103.627,17.013,15.763,15.704,0.0183,0.0129,0.0399,712.752,5.348
15725,2020-08-14 18:04:06.855000,59075.75286,q,1074240756,0.0034,270.58026,-30.24052,16.263,0.0081,1134.991,8.427,0.0465,1,0,0.002,255201,426.006,5047.929,1.116e-02,1.119e-02,-8.812e-06,1.269,11.587,9.678,17.311,15.941,15.436,0.0307,0.0197,0.0408,737.112,5.473
15675,2020-08-14 18:06:14.916000,59075.75434,i,1058459857,0.2485,270.58031,-30.24057,17.117,0.0437,516.553,20.788,0.0430,0,0,0.369,236517,424.432,5043.120,1.586e-01,1.588e-01,-8.607e-05,1.958,6.347,5.875,17.825,16.705,15.789,0.1295,0.1046,0.1496,90.610,3.646
15726,2020-08-22 18:16:09.794000,59083.76122,q,1074714469,0.1623,270.58031,-30.24050,15.922,0.0074,1553.692,10.618,0.0668,0,0,0.578,163883,404.509,4985.121,2.317e-02,2.325e-02,-1.334e-05,1.567,13.191,4.751,16.268,15.732,14.631,0.0243,0.0334,0.0404,1221.976,8.351
15676,2020-08-22 18:20:19.808000,59083.76412,i,1059016447,0.2639,270.58018,-30.24053,17.190,0.0429,483.019,19.071,0.0429,0,0,0.135,260941,401.830,4985.950,1.732e-01,1.733e-01,3.683e-05,1.650,6.538,8.939,17.997,16.894,16.528,0.1379,0.1130,0.2686,83.286,3.288
15727,2020-09-19 19:10:32.340000,59111.79899,q,1075182334,0.0685,270.58029,-30.24052,16.346,0.0091,1051.054,8.851,0.0494,1,0,0.004,279629,371.607,5021.314,1.015e-02,1.019e-02,-1.121e-05,1.320,11.554,10.888,17.306,15.935,15.470,0.0306,0.0196,0.0421,584.124,4.919
15728,2020-09-19 19:14:58.933000,59111.80207,q,1075825178,0.0804,270.58029,-30.24053,16.468,0.0095,938.945,8.224,0.0473,1,0,0.000,309512,371.337,5037.803,9.098e-03,9.143e-03,-1.356e-05,1.301,11.705,11.356,17.475,16.044,15.419,0.0321,0.0194,0.0358,508.985,4.458
15678,2020-09-19 19:16:28.459000,59111.80311,i,1060090353,0.2659,270.58025,-30.24060,17.382,0.0470,404.927,17.514,0.0499,2,0,0.007,305465,371.070,5033.922,1.863e-01,1.864e-01,-9.048e-06,1.662,8.379,6.056,17.996,16.760,15.948,0.1297,0.0940,0.1476,60.931,2.635
66699,2021-04-08 02:23:10.125000,59312.09942,q,3475874264,0.1083,270.58030,-30.24052,16.095,0.0064,1324.162,7.851,0.0472,1,0,0.009,410653,596.905,9023.468,8.601e-03,8.636e-03,-1.188e-05,1.412,11.865,25.836,16.897,15.768,15.524,0.0232,0.0185,0.0489,1070.335,6.346
66700,2021-04-08 02:24:29.345000,59312.10034,q,3476369772,0.0471,270.58025,-30.24053,16.173,0.0066,1232.557,7.520,0.0460,1,0,0.009,426230,595.828,9022.091,8.582e-03,8.613e-03,-1.049e-05,1.371,12.028,24.110,17.089,15.825,15.487,0.0252,0.0177,0.0428,976.631,5.958
66701,2021-04-08 02:25:48.480000,59312.10126,q,3476902212,0.0848,270.58026,-30.24055,16.203,0.0067,1199.326,7.360,0.0468,3,0,0.008,460548,594.919,9019.763,8.400e-03,8.432e-03,-1.120e-05,1.348,11.808,21.852,17.239,15.892,15.404,0.0263,0.0172,0.0362,932.671,5.724
15729,2021-05-19 01:36:33.688000,59353.06706,q,1076400319,0.0291,270.58027,-30.24052,16.091,0.0067,1329.185,8.223,0.0469,1,0,0.005,206189,607.053,4875.421,1.218e-02,1.222e-02,-1.289e-05,1.362,11.751,12.081,17.050,15.827,15.465,0.0282,0.0207,0.0490,1009.384,6.245
15730,2021-05-24 00:26:12.090000,59358.01820,q,1076777170,0.1345,270.58025,-30.24048,15.964,0.0089,1494.242,12.201,0.0655,0,0,0.602,113995,642.633,4917.511,3.455e-02,3.463e-02,-1.499e-05,1.543,13.379,-6.068,16.332,15.739,14.385,0.0279,0.0366,0.0350,1305.385,10.659
15731,2021-05-24 00:31:34.298000,59358.02192,q,1077036814,0.1462,270.58022,-30.24051,15.979,0.0089,1473.802,12.083,0.0680,0,0,0.047,129752,639.576,4923.474,3.075e-02,3.081e-02,-1.298e-05,1.490,13.042,5.165,16.501,15.785,14.843,0.0286,0.0334,0.0467,1259.429,10.326
15732,2021-05-24 00:36:58.137000,59358.02567,q,1077337068,0.0944,270.58029,-30.24051,16.066,0.0088,1360.643,10.966,0.0490,0,0,0.008,151467,637.109,4933.415,1.995e-02,1.999e-02,-1.268e-05,1.403,12.355,8.615,16.716,15.761,15.104,0.0291,0.0273,0.0496,1103.468,8.893
15733,2021-05-24 00:42:02.146000,59358.02919,q,1077678270,0.0581,270.58028,-30.24052,16.062,0.0088,1365.500,11.038,0.0490,0,0,0.003,160380,634.942,4940.173,1.717e-02,1.721e-02,-8.871e-06,1.314,11.994,16.098,16.861,15.793,15.387,0.0313,0.0265,0.0605,1052.955,8.512
15734,2021-05-24 00:47:22.486000,59358.03290,q,1078011150,0.0942,270.58029,-30.24054,16.064,0.0093,1362.342,11.667,0.0501,0,0,0.003,143025,632.291,4948.958,2.599e-02,2.603e-02,-1.182e-05,1.314,12.510,15.705,16.796,15.792,15.077,0.0319,0.0286,0.0492,1054.486,9.031
15735,2021-05-24 00:52:29.424000,59358.03645,q,1078305089,0.0912,270.58029,-30.24051,16.012,0.0093,1430.278,12.225,0.0597,0,0,0.010,127845,630.160,4959.208,2.727e-02,2.732e-02,-1.150e-05,1.402,12.861,15.452,16.675,15.801,15.044,0.0315,0.0319,0.0527,1136.552,9.714
15736,2021-05-24 00:57:54.383000,59358.04021,q,1078603096,0.0610,270.58029,-30.24051,16.047,0.0090,1384.156,11.446,0.0457,0,0,0.005,151692,628.203,4967.455,2.282e-02,2.286e-02,-1.408e-05,1.386,12.281,5.993,16.811,15.784,15.081,0.0313,0.0274,0.0477,1067.626,8.828
15737,2021-05-24 01:03:15.561000,59358.04393,q,1078930388,0.1595,270.58031,-30.24050,16.032,0.0089,1403.365,11.512,0.0490,0,0,0.004,146961,626.752,4977.036,2.269e-02,2.273e-02,-1.457e-05,1.355,12.238,9.233,16.763,15.762,15.075,0.0310,0.0279,0.0491,1079.416,8.855
15738,2021-05-24 01:08:38.750000,59358.04767,q,1079234700,0.1434,270.58030,-30.24049,16.012,0.0092,1429.306,12.050,0.0562,0,0,0.006,132414,625.085,4984.725,2.817e-02,2.822e-02,-1.654e-05,1.367,12.535,14.504,16.697,15.781,15.000,0.0313,0.0304,0.0493,1112.984,9.383
15739,2021-05-24 01:13:45.299000,59358.05122,q,1079501321,0.0776,270.58028,-30.24053,15.962,0.0094,1497.384,12.967,0.0635,0,0,0.025,114420,623.476,4992.531,3.323e-02,3.327e-02,-2.718e-05,1.400,12.892,13.563,16.611,15.808,14.996,0.0322,0.0348,0.0547,1168.200,10.116
15740,2021-05-24 01:18:47.468000,59358.05472,q,1079728100,0.0389,270.58028,-30.24052,15.968,0.0098,1488.619,13.468,0.0613,0,0,0.139,100159,621.889,4999.027,3.610e-02,3.615e-02,-3.067e-05,1.502,13.501,16.440,16.496,15.817,14.810,0.0329,0.0398,0.0524,1152.009,10.423
15741,2021-05-24 01:24:09.867000,59358.05845,q,1079920751,0.1219,270.58030,-30.24053,16.026,0.0106,1411.916,13.836,0.0642,0,0,0.098,84117,620.212,5004.700,4.112e-02,4.117e-02,-3.136e-05,1.487,14.284,13.167,16.395,15.795,14.454,0.0341,0.0444,0.0430,1053.619,10.325
15742,2021-05-24 01:29:34.941000,59358.06221,q,1080081403,0.1166,270.58023,-30.24052,15.975,0.0109,1478.995,14.909,0.0731,0,0,0.338,68834,618.704,5011.011,5.222e-02,5.230e-02,-2.663e-05,1.536,14.743,-2.762,16.160,15.722,13.965,0.0339,0.0513,0.0339,1099.849,11.087
15743,2021-05-24 01:34:55.716000,59358.06592,q,1080220748,0.1138,270.58025,-30.24054,16.044,0.0118,1387.931,15.131,0.0711,0,0,0.381,65716,617.271,5014.973,5.754e-02,5.762e-02,-4.186e-05,1.638,15.236,-7.722,16.263,15.798,14.040,0.0357,0.0526,0.0347,1012.824,11.042
15744,2021-05-24 01:40:03.296000,59358.06948,q,1080384930,0.0765,270.58029,-30.24053,15.975,0.0101,1478.989,13.820,0.0666,0,0,0.096,93096,615.374,5017.983,3.895e-02,3.900e-02,-3.356e-05,1.569,14.809,11.305,16.410,15.776,14.539,0.0328,0.0414,0.0441,1129.121,10.550
15745,2021-05-26 02:57:29.351000,59360.12326,q,1080630422,0.2309,270.58032,-30.24057,16.213,0.0275,1188.492,30.100,0.0474,0,0,0.002,144886,559.365,5067.932,4.348e-02,4.352e-02,-1.823e-05,1.328,14.208,1.349,16.928,15.814,15.716,0.0546,0.0442,0.1345,600.566,15.210
15746,2021-05-26 03:02:50.899000,59360.12698,q,1080906318,0.2818,270.58018,-30.24053,16.231,0.0401,1168.938,43.131,0.0547,0,0,0.019,115141,558.356,5084.781,7.397e-02,7.401e-02,-2.417e-06,1.220,14.200,-2.659,16.744,15.805,15.406,0.0618,0.0589,0.1358,475.751,17.554
15747,2021-05-26 03:08:07.940000,59360.13065,q,1081103473,0.3365,270.58019,-30.24058,16.213,0.0754,1188.054,82.488,0.0634,2,0,0.351,75991,557.770,5098.723,2.901e-01,2.901e-01,-8.839e-05,1.205,5.316,-3.230,16.757,15.942,15.306,0.1070,0.1146,0.2127,297.256,20.639
15748,2021-05-26 03:13:25.617000,59360.13432,q,1081281425,0.3177,270.58017,-30.24055,16.177,0.0475,1227.644,53.671,0.0968,0,0,0.485,103383,557.478,5105.436,1.126e-01,1.126e-01,5.551e-06,1.176,11.234,1.670,16.756,15.858,15.468,0.0736,0.0731,0.1698,410.586,17.950
15757,2021-05-26 04:06:54.916000,59360.17147,q,1081683512,0.1881,270.58030,-30.24056,16.406,0.0673,994.168,61.603,0.0591,2,0,0.071,107763,554.562,5172.176,1.546e-01,1.547e-01,3.407e-07,1.893,10.325,15.079,17.057,16.013,15.976,0.1040,0.0902,0.2904,259.716,16.093
15758,2021-05-26 04:11:53.956000,59360.17493,q,1081895075,0.4490,270.58040,-30.24058,16.385,0.0788,1014.333,73.652,0.1059,2,0,0.370,100090,554.481,5179.690,1.695e-01,1.697e-01,-4.562e-05,1.753,4.339,4.896,16.996,16.176,15.981,0.1190,0.1269,0.3529,197.941,14.373
94343,2021-06-05 03:26:55.954000,59370.14370,q,4297996818,0.1478,270.58030,-30.24055,16.135,0.0071,1276.583,8.401,0.0551,1,0,0.003,220255,585.781,4915.518,1.233e-02,1.236e-02,-9.734e-06,1.278,11.593,8.984,17.166,15.864,15.424,0.0295,0.0201,0.0443,955.533,6.289
94345,2021-06-05 03:30:17.152000,59370.14603,i,4298502438,0.3408,270.58035,-30.24058,17.076,0.0398,536.725,19.653,0.0393,2,0,0.040,227185,585.577,4915.507,1.710e-01,1.713e-01,-1.257e-04,1.355,7.738,10.244,17.805,16.698,16.473,0.1267,0.1037,0.2800,103.117,3.776
95833,2021-06-14 01:04:55.299000,59379.04508,q,4364825367,0.1884,270.58032,-30.24052,15.943,0.0088,1523.218,12.400,0.0737,0,0,0.102,123029,601.586,4914.253,3.067e-02,3.076e-02,-1.857e-05,1.467,13.425,11.452,16.477,15.809,14.861,0.0299,0.0365,0.0506,56661.465,461.274
95836,2021-06-14 01:10:14.098000,59379.04877,q,4365458439,0.0500,270.58027,-30.24051,15.920,0.0096,1555.855,13.710,0.0724,0,0,0.125,99872,598.760,4923.667,3.604e-02,3.613e-02,-1.578e-05,1.466,13.682,9.123,16.422,15.803,14.588,0.0305,0.0390,0.0424,55395.063,488.120
95839,2021-06-14 01:15:12.702000,59379.05223,q,4366063439,0.0228,270.58027,-30.24052,15.980,0.0090,1472.787,12.183,0.0745,0,0,0.017,141292,597.313,4925.712,2.577e-02,2.585e-02,-1.863e-05,1.455,12.988,1.683,16.566,15.744,14.841,0.0277,0.0294,0.0425,51337.900,424.676
95842,2021-06-14 01:20:34.566000,59379.05596,q,4366822417,0.0665,270.58029,-30.24053,16.047,0.0080,1383.833,10.166,0.0576,1,0,0.006,183556,595.707,4929.217,1.512e-02,1.516e-02,-1.401e-05,1.343,11.732,7.709,16.919,15.779,15.385,0.0287,0.0227,0.0522,852.162,6.260
95845,2021-06-14 01:25:56.716000,59379.05968,q,4367673792,0.0691,270.58029,-30.24052,16.126,0.0073,1287.235,8.656,0.0707,1,0,0.003,196387,593.878,4931.204,1.594e-02,1.598e-02,-1.213e-05,1.258,11.858,5.153,17.050,15.823,15.332,0.0298,0.0218,0.0459,54348.568,365.483
95848,2021-06-14 01:31:14.131000,59379.06336,q,4368570882,0.0606,270.58026,-30.24054,16.133,0.0083,1279.037,9.803,0.1144,1,0,0.003,194313,592.611,4935.756,1.554e-02,1.558e-02,-1.128e-05,1.256,11.760,21.873,17.040,15.863,15.521,0.0307,0.0234,0.0566,44727.434,342.824
95851,2021-06-14 01:36:43.834000,59379.06717,q,4369413807,0.0619,270.58028,-30.24052,16.142,0.0105,1268.541,12.311,0.1362,0,0,0.004,185643,592.514,4948.644,1.788e-02,1.795e-02,-1.887e-05,1.327,11.952,13.364,16.974,15.840,15.433,0.0319,0.0253,0.0575,31636.496,307.022
95869,2021-06-14 02:08:32.172000,59379.08926,q,4370205713,0.1093,270.58030,-30.24054,16.123,0.0091,1291.007,10.812,0.0447,1,0,0.003,205268,583.316,5013.968,1.393e-02,1.398e-02,-1.592e-05,1.286,11.580,4.208,17.027,15.825,15.446,0.0297,0.0222,0.0516,678.765,5.685
95872,2021-06-14 02:13:55.916000,59379.09301,q,4371141357,0.1631,270.58032,-30.24053,16.082,0.0095,1339.837,11.681,0.0459,0,0,0.008,188841,582.910,5019.594,1.567e-02,1.573e-02,-1.942e-05,1.388,12.027,3.298,16.809,15.756,15.137,0.0280,0.0240,0.0449,690.079,6.017
95875,2021-06-14 02:19:21.838000,59379.09678,q,4371963839,0.1243,270.58031,-30.24051,16.143,0.0116,1266.671,13.512,0.0859,0,0,0.004,172997,582.517,5024.022,2.008e-02,2.015e-02,-2.130e-05,1.334,12.108,5.246,16.883,15.841,15.376,0.0326,0.0281,0.0606,31713.055,338.284
95878,2021-06-14 02:24:49.108000,59379.10057,q,4372809335,0.0979,270.58029,-30.24054,16.182,0.0101,1221.896,11.383,0.0925,0,0,0.006,203155,582.085,5030.703,1.691e-02,1.698e-02,-2.004e-05,1.366,12.097,7.137,16.993,15.839,15.391,0.0309,0.0240,0.0526,34754.061,323.773
101856,2021-08-02 00:31:54.835000,59428.02216,i,4634302614,0.6586,270.58006,-30.24056,17.132,0.0367,509.422,17.199,0.0370,2,0,0.019,270391,228.171,5000.129,1.283e-01,1.282e-01,2.267e-05,1.109,9.383,11.553,17.748,16.792,16.443,0.1145,0.1077,0.2596,94.770,3.200
101857,2021-08-02 00:33:38.424000,59428.02336,q,4634942530,0.1504,270.58031,-30.24053,16.312,0.0077,1084.795,7.670,0.0547,3,0,0.001,282859,227.893,5000.217,9.927e-03,9.972e-03,-1.290e-05,1.302,11.824,13.168,17.430,16.002,15.394,0.0319,0.0194,0.0365,711.595,5.032
102230,2021-08-03 00:25:04.458000,59429.01741,q,4659366165,0.3645,270.58038,-30.24050,15.938,0.0079,1531.089,11.117,0.0806,0,0,0.598,106282,235.374,4961.159,4.359e-02,4.371e-02,-2.016e-05,1.681,14.474,16.482,16.119,15.650,14.000,0.0294,0.0432,0.0314,65520.603,475.729
102233,2021-08-03 00:30:26.433000,59429.02114,q,4660019645,0.1136,270.58030,-30.24052,15.965,0.0077,1493.364,10.540,0.0832,0,0,0.127,122107,234.810,4971.287,2.770e-02,2.778e-02,-1.456e-05,1.510,12.902,9.670,16.501,15.817,14.866,0.0286,0.0345,0.0478,68091.979,480.589
102611,2021-08-04 00:20:05.235000,59430.01395,q,4710613087,0.2030,270.58033,-30.24052,16.127,0.0077,1285.969,9.109,0.0526,1,0,0.009,201217,231.198,5014.813,1.369e-02,1.374e-02,-1.555e-05,1.510,12.118,12.349,16.797,15.782,15.251,0.0265,0.0235,0.0477,858.670,6.082
102613,2021-08-04 00:23:32.745000,59430.01635,i,4711133409,0.7852,270.58052,-30.24049,17.033,0.0360,558.379,18.528,0.0367,0,0,0.008,265632,232.018,5023.520,1.708e-01,1.714e-01,-1.964e-04,3.502,9.524,11.895,17.894,16.746,16.434,0.1254,0.0988,0.2469,5601.874,185.877
102614,2021-08-04 00:25:20.994000,59430.01760,q,4711714210,0.2495,270.58035,-30.24052,16.170,0.0077,1236.214,8.718,0.0503,1,0,0.006,238913,231.163,5023.598,1.207e-02,1.212e-02,-1.672e-05,1.431,12.240,9.968,17.086,15.830,15.427,0.0289,0.0205,0.0468,766.771,5.407
105744,2021-09-02 18:17:06.834000,59459.76188,g,4889548259,0.0997,270.58025,-30.24050,16.013,0.0084,1427.955,11.036,0.0389,0,0,0.012,181733,265.176,5056.432,4.428e-03,4.497e-03,-1.899e-05,1.346,12.267,5.206,16.781,15.647,15.376,0.0162,0.0126,0.0316,565.194,4.368
105745,2021-09-02 18:18:35.034000,59459.76291,q,4889976784,0.0592,270.58027,-30.24051,16.133,0.0070,1278.619,8.225,0.0497,1,0,0.005,238049,264.360,5052.155,1.061e-02,1.064e-02,-1.042e-05,1.342,11.650,13.976,17.104,15.844,15.495,0.0281,0.0199,0.0477,953.738,6.135
105746,2021-09-02 18:20:04.013000,59459.76394,r,4890429953,0.0798,270.58028,-30.24050,16.024,0.0129,1413.656,16.800,0.0622,0,0,0.191,168270,264.160,5064.464,3.576e-02,3.589e-02,-1.599e-05,1.557,13.163,4.900,16.447,15.888,14.812,0.0366,0.0494,0.0609,30189.004,358.768
105747,2021-09-02 18:21:33.342000,59459.76497,i,4890901114,0.3579,270.58018,-30.24058,17.188,0.0362,484.161,16.157,0.0377,2,0,0.005,275141,262.939,5069.082,1.692e-01,1.692e-01,-1.800e-05,1.249,9.316,7.579,18.044,16.804,16.106,0.1357,0.0983,0.1717,87.201,2.910
111399,2021-09-26 19:40:20.822000,59483.81969,q,5083132038,0.0953,270.58028,-30.24055,16.079,0.0073,1343.664,9.088,0.0437,1,0,0.008,414388,286.781,9452.942,1.012e-02,1.016e-02,-1.698e-05,1.392,11.857,21.470,17.097,15.831,15.469,0.0268,0.0188,0.0443,51794.810,350.308
111400,2021-09-26 19:41:43.798000,59483.82065,u,5083223036,0.1412,270.58031,-30.24055,17.700,0.0902,301.978,25.085,0.1246,2,0,0.369,45158,286.351,9458.387,1.314e-01,1.328e-01,-4.280e-05,1.575,5.450,2.704,18.341,17.578,-1.000,0.1200,0.1333,-1.0000,26.219,2.178
111401,2021-09-26 19:43:11.197000,59483.82166,q,5083591376,0.1559,270.58032,-30.24053,16.060,0.0075,1368.223,9.466,0.0515,1,0,0.009,364766,285.664,9464.288,1.214e-02,1.219e-02,-1.817e-05,1.412,12.101,18.021,16.966,15.804,15.441,0.0268,0.0207,0.0490,53123.780,367.541
111403,2021-09-26 19:46:06.478000,59483.82369,q,5084355599,0.0796,270.58029,-30.24054,16.046,0.0076,1385.943,9.753,0.0470,1,0,0.007,349584,285.853,9456.818,1.460e-02,1.465e-02,-1.626e-05,1.372,12.106,15.661,16.989,15.813,15.364,0.0279,0.0213,0.0467,53240.055,374.647
111404,2021-09-26 19:47:34.778000,59483.82471,g,5084733845,0.0873,270.58025,-30.24052,16.012,0.0092,1429.122,12.106,0.0426,0,0,0.012,339200,285.276,9464.487,4.641e-03,4.719e-03,-2.774e-05,1.391,12.613,7.488,16.968,15.726,15.438,0.0180,0.0127,0.0311,483.178,4.093
111405,2021-09-26 19:49:02.047000,59483.82572,q,5085144967,0.1039,270.58030,-30.24054,16.090,0.0076,1330.309,9.276,0.0485,1,0,0.008,376488,285.099,9469.805,1.209e-02,1.214e-02,-1.723e-05,1.368,12.270,13.568,16.992,15.807,15.451,0.0268,0.0203,0.0484,51579.599,359.670
111406,2021-09-26 19:50:29.475000,59483.82673,r,5085538001,0.0551,270.58029,-30.24052,16.155,0.0137,1253.718,15.835,0.0501,0,0,0.002,350629,285.639,9465.844,2.566e-02,2.576e-02,-2.858e-05,1.461,12.204,6.618,16.924,15.878,15.496,0.0381,0.0327,0.0760,347.282,4.386
111407,2021-09-26 19:51:57.834000,59483.82775,q,5085970410,0.0805,270.58029,-30.24054,16.158,0.0078,1249.708,9.013,0.0500,1,0,0.007,392151,284.755,9463.135,1.286e-02,1.291e-02,-1.598e-05,1.360,11.843,8.284,17.116,15.887,15.501,0.0284,0.0207,0.0478,47948.157,345.807
117172,2021-11-06 18:16:20.337000,59524.76135,q,5178907982,0.1290,270.58031,-30.24052,16.126,0.0101,1287.298,11.980,0.0658,1,0,0.009,206023,354.569,5264.545,1.430e-02,1.434e-02,-1.022e-05,1.350,11.916,20.160,16.708,15.772,15.406,0.0274,0.0261,0.0619,54064.463,503.130
117174,2021-11-06 18:19:17.687000,59524.76340,g,5179271335,0.1811,270.58028,-30.24047,15.972,0.0120,1483.518,16.361,0.0481,0,0,0.489,142925,353.111,5272.370,9.056e-03,9.178e-03,-2.484e-05,1.547,13.607,8.680,16.054,15.585,14.870,0.0173,0.0249,0.0426,30366.468,334.889
117175,2021-11-06 18:20:45.202000,59524.76441,r,5179622784,0.0549,270.58026,-30.24051,16.121,0.0166,1293.016,19.744,0.0673,0,0,0.012,220012,352.688,5275.155,2.824e-02,2.834e-02,-2.330e-05,1.348,11.408,29.253,16.822,15.854,15.345,0.0400,0.0370,0.0769,22598.503,345.077
117178,2021-11-06 18:25:11.027000,59524.76749,q,5180939618,0.0584,270.58029,-30.24053,16.080,0.0096,1343.046,11.884,0.0564,0,0,0.009,182929,350.583,5275.059,1.994e-02,1.998e-02,-1.156e-05,1.333,11.860,47.525,16.737,15.779,15.132,0.0300,0.0281,0.0513,52827.834,467.465
135661,2022-03-28 02:17:18.035000,59666.09535,q,5885413366,0.2105,270.58033,-30.24050,16.110,0.0069,1305.785,8.288,0.0513,3,0,0.009,242313,268.068,4893.900,1.078e-02,1.083e-02,-1.188e-05,1.507,11.971,18.251,16.769,15.761,15.357,0.0244,0.0218,0.0498,64502.195,409.393
135663,2022-03-28 02:20:13.874000,59666.09738,i,5885971212,0.6616,270.58007,-30.24056,17.100,0.0359,524.751,17.341,0.0434,3,0,0.495,256129,265.917,4888.748,1.548e-01,1.548e-01,4.456e-05,1.593,7.407,12.624,17.641,16.734,16.722,0.1166,0.1144,0.3760,103.868,3.432
135712,2022-03-28 03:35:50.727000,59666.14989,q,5894843853,0.0879,270.58026,-30.24050,16.255,0.0071,1143.314,7.512,0.0511,3,0,0.003,276214,228.916,4908.751,9.419e-03,9.454e-03,-1.117e-05,1.377,11.695,19.681,17.379,15.971,15.450,0.0309,0.0191,0.0391,852.739,5.603
